0;Adrienne;Francillon;chemin des Chatons 6;1680;Romont;francillon1408@zemail.com
1;Alix;Jacot-Guillarmod;rue de Madretsch 9;1634;La Roche;alix.jacot-guillarmod@blup.com
2;Ambroise;Meyer;rue Alfred- Aebi 9;3185;Schmitten;meyer8686@courriaile.ch
3;Armelle;Crevoisier;rue Fontenal 13;3215;Lurtigen;crevoisierc@zemail.com
4;Arnaud;Corbat;rue du Blé 3;1714;Heitenried;corbatc@courriaile.ch
5;Aude;Barman;rue du Wasen 7;1533;Ménières;aude.barman@privatemail.com
6;Aurélien;Cosandey;rue de Madretsch 4;1483;Montet;acosandey@zemail.com
7;Aurore;Crevoisier;rue du Crêt 12;1630;Bulle;aurore.crevoisier@privatemail.com
8;Axelle;Vallélian;rue de Zurich 1;1670;Bionnens;vallelianv@privatemail.com
9;Basile;Maire;rue du Marché-Neuf 8;1762;Givisiez;maire3088@privatemail.com
10;Bernardine;Robadey;chemin Mettlen 6;1633;Vuippens;robadey5939@courriaile.ch
11;Blanche;Gilliéron;allée du Champ-du-Moulin 15;1716;Plaffeien;gillierong@courriaile.ch
12;Brice;Badel;chemin du Clédar 11;1762;Givisiez;bbadel@zemail.com
13;Calixte;Maire;rue de la Gurzelen 23;1663;Moléson-sur-Gruyères;maire6812@zemail.com
14;Capucine;Botteron;rue des Maréchaux 7;1708;Fribourg;cbotteron@privatemail.com
15;Cateline;Matile;Clos-du-Lac 18;1564;Domdidier;cmatile@courriaile.ch
16;Cateline;Boillat;allée du Champ-du-Moulin 11;3175;Flamatt;cateline1457@blup.com
17;Célestine;Rey;chemin du Montoz 17;1742;Autigny;rey9357@blup.com
18;Cerise;Julliard;rue du Breuil 1;1653;Crésuz;cjulliard@blup.com
19;Charlotte;Broquet;rue de la Gare 9;1681;Hennens;broquet302@zemail.com
20;Christine;Charpié;ruelle des Tailleurs 11;1623;Semsales;christine.charpie@zemail.com
21;Clément;Grosjean;rue Jean- Sessler 2;3178;Bösingen;clement.grosjean@courriaile.ch
22;Cyrielle;Delèze;ch. Pierre-aux-Sarrasins 24;1695;Estavayer-le-Gibloux;delezed@troptopmail.ch
23;Diane;Gubéran;ch. Johann-H.- Laubscher 25;1618;Châtel-St-Denis;guberan3282@troptopmail.ch
24;Didier;Jacot-Descombes;chemin des Cordiers 23;1609;St-Martin;jacot-descombesj@courriaile.ch
25;Didier;Bovet;route de Soleure 1;1735;Giffers;didier8971@troptopmail.ch
26;Doriane;Chappuis;rue du Bourg 22;3214;Ulmiz;doriane222@privatemail.com
27;Edwige;Joly;rue du Rüschli 7;1677;Prez-vers-Siviriez;edwige7319@zemail.com
28;Elisabeth;Diesbach;chemin des Saules 3;1749;Middes;elisabeth.diesbach@courriaile.ch
29;Elisabeth;Müller;ruelle de la Fonderie 6;1633;Marsens;müllerm@courriaile.ch
30;Elise;Bochud;rue de l'Avenir 13;1618;Châtel-St-Denis;ebochud@zemail.com
31;Emeric;Corpataux;chemin Louis- Bréguet 5;1787;Môtier;corpataux5010@zemail.com
32;Emilien;Bonvin;Promenade de la Suze 7;1756;Onnens;ebonvin@blup.com
33;Emmanuelle;Candaux;rue de Büren 14;1625;Sâles;ecandaux@troptopmail.ch
34;Emmanuelle;Wicht;rue du Marché 15;1754;Avry-sur-Matran;emmanuelle7919@privatemail.com
35;Estienne;Jacot-Guillarmod;rue David- Moning 21;1749;Middes;estienne.jacot-guillarmod@troptopmail.ch
36;Estienne;Berberat;rue de l'Equerre 22;1533;Ménières;berberat4975@courriaile.ch
37;Euphrasie;Monnard;rue des Armes 7;1625;Maules;euphrasie.monnard@zemail.com
38;Fabrice;Wicht;ruelle des Serruriers 15;1713;St. Antoni;fwicht@troptopmail.ch
39;Faustine;Brahier;chemin des Bourguignons 9;1694;Villargiroud;faustine6537@privatemail.com
40;Flavie;Müller;chemin de la Scierie 3;1782;La Corbaz;flavie.müller@blup.com
41;Flore;Comte;ch. Pierre-aux-Sarrasins 13;1701;Fribourg;flore5125@zemail.com
42;France;Matile;chemin Louis- Bréguet 22;1694;Villargiroud;france.matile@zemail.com
43;Franck;Chapuis;rue de la Source 7;3213;Kleinbösingen;fchapuis@courriaile.ch
44;Franck;Broquet;rue des Jardins 24;1782;Lossy;franck.broquet@troptopmail.ch
45;Frédérique;Droz;rue du Rüschli 11;1410;Prévondavaux;droz7285@courriaile.ch
46;Geoffroi;Wicht;chemin de Bärlet 12;1670;Esmonts;gwicht@zemail.com
47;Geoffroi;Vuille;rue du Breuil 12;1565;Vallon;geoffroi.vuille@blup.com
48;Ghyslain;Rosselet;ch. du Champ-du-Moulin 1;3186;Düdingen;ghyslain.rosselet@privatemail.com
49;Ghyslaine;Monnard;chemin du Lézard 17;1695;Villarsel-le-Gibloux;ghyslaine.monnard@courriaile.ch
50;Guenièvre;Paccot;rue du Collège 25;1723;Marly;guenievre.paccot@troptopmail.ch
51;Gustave;Botteron;chemin des Charmes 13;1695;Estavayer-le-Gibloux;botteronb@privatemail.com
52;Hilaire;Corboz;chemin de la Tuilerie 3;3185;Schmitten;hilaire7983@courriaile.ch
53;Honoré;Boichat;rue du Weissenstein 18;1674;Vuarmarens;honore3507@privatemail.com
54;Huguette;Bonvin;chemin des Mésanges 10;3210;Kerzers;bonvin6506@zemail.com
55;Isabelle;Muriset;rue du Chantier 17;1567;Delley;isabelle.muriset@blup.com
56;Jean-Marie;Corbat;rue de l'Octroi 23;1789;Lugnorre;jean-marie.corbat@troptopmail.ch
57;Jean-Marie;Crivelli;rue de Boujean 14;1707;Fribourg;jean-marie3695@zemail.com
58;Jeannine;Barillon;rue Adam-Friedrich- Molz 6;1785;Cressier;jeannine7938@blup.com
59;Joëlle;Godet;rue de Flore 10;1475;Forel;godet1807@courriaile.ch
60;Joséphine;Mottet;chemin des Martinets 2;3214;Ulmiz;mottet9435@privatemail.com
61;Julien;Maire;Pré-Künzi 2;1541;Sévaz;julien8628@blup.com
62;Julien;Georges;rue de l'Avenir 4;1685;Villariaz;georgesg@courriaile.ch
63;Justine;Joye;rue Hans- Hugi 13;1642;Sorens;joye1979@troptopmail.ch
64;Laurentin;Dubey;rue Georg-Fr.- Heilmann 24;1696;Vuisternens-en-Ogoz;ldubey@troptopmail.ch
65;Laurentin;Muriset;Champs-du-Soleil 8;1484;Granges-de-Vesin;laurentin3286@troptopmail.ch
66;Léandre;Francillon;ch. Pierre-aux-Sarrasins 2;1740;Neyruz;leandre1621@privatemail.com
67;Léonce;Delèze;rue de la Poste 16;1716;Schwarzsee;ldeleze@courriaile.ch
68;Louise;Bouvier;route du Büttenberg 8;1681;Billens;louise.bouvier@troptopmail.ch
69;Lucie;Pasquier;rue des Hirondelles 13;3186;Düdingen;lucie.pasquier@blup.com
70;Lucien;Comman;rue Georg-Fr.- Heilmann 24;1773;Russy;lucien7306@privatemail.com
71;Lucien;Uldry;rue des Jardins 7;1796;Courgevaux;uldry1107@zemail.com
72;Lucile;Menthonnex;chemin des Palmiers 6;1673;Gillarens;menthonnex1501@troptopmail.ch
73;Ludivine;Bochud;chemin Karl- Mathy 23;1721;Misery-Courtion;bochudb@zemail.com
74;Marc;Brahier;rue de l'Elfenau 12;1735;Giffers;marc.brahier@blup.com
75;Mariette;Carraud;chemin de Scheuren 2;1553;Châtonnaye;carraud2909@troptopmail.ch
76;Mariette;Bonvin;rue du Wasen 6;1721;Cournillens;bonvin4529@privatemail.com
77;Marin;Thorens;Crêt-du-Sable 21;1675;Vauderens;thorens5605@blup.com
78;Marine;Chaudet;chemin Radius 11;1676;Chavannes-les-Forts;marine6100@privatemail.com
79;Marjolaine;Jomini;rue des Cygnes 22;1773;Russy;marjolaine7209@troptopmail.ch
80;Marjolaine;Meyer;rue Neuve 23;1753;Matran;meyer5417@privatemail.com
81;Martine;Vonlanthen;chemin des Landes 9;1699;Bouloz;martine6562@blup.com
82;Mathias;Vermeil;chemin Isabelle 14;1483;Frasses;vermeil3253@troptopmail.ch
83;Matthieu;Chevrolet;rue de l'Hôpital 18;1628;Vuadens;chevroletc@blup.com
84;Maxence;Bahon;Promenade de la Suze 8;1626;Rueyres-Treyfayes;bahonb@troptopmail.ch
85;Méline;Beguin;rue de Boujean 5;1680;Romont;meline.beguin@privatemail.com
86;Mélisande;Bourquard;ruelle de la Fabrique 1;1691;Villarimboud;bourquard7331@courriaile.ch
87;Melisende;Cornuz;rue du Lindenhof 19;1741;Cottens;melisende.cornuz@courriaile.ch
88;Mirabelle;Marti;chemin Mon-Désir 8;1553;Châtonnaye;mirabelle.marti@courriaile.ch
89;Mireille;Boichat;rue des Diamants 19;1634;La Roche;mboichat@blup.com
90;Nadine;Fonjallaz;Crêt-du-Haut 13;1470;Estavayer-le-Lac;fonjallaz9110@blup.com
91;Nicolette;Vallélian;rue Fritz- Oppliger 11;1793;Jeuss;nvallelian@troptopmail.ch
92;Noèle;Matile;Pont-du- Moulin 22;1744;Chénens;nmatile@blup.com
93;Noémie;Beuchat;rue Johann- Renfer 6;3280;Meyriez;noemie.beuchat@troptopmail.ch
94;Noémie;Niquille;rue des Diamants 19;1475;Autavaux;niquillen@courriaile.ch
95;Odette;Nüsslin;chemin des Barques 11;1653;Crésuz;nüsslinn@blup.com
96;Odilon;Polla;rue Franche 17;3184;Wünnewil;odilon3881@blup.com
97;Olivier;Deladoëy;chemin des Oeuches 22;1674;Vuarmarens;deladoëy6427@privatemail.com
98;Olivier;Peitrequin;rue Arrière 4;1544;Gletterens;peitrequinp@troptopmail.ch
99;Ophélie;Barman;rue de la Leugene 19;1541;Sévaz;obarman@privatemail.com
100;Paschal;Crivelli;chemin du Long-Champ 8;1678;Siviriez;crivelli2928@blup.com
101;Paule;Blanc;rue des Prés 25;1624;Progens;paule4436@privatemail.com
102;Quentin;Bouvier;ruelle de la Fabrique 11;1685;Villariaz;quentin.bouvier@blup.com
103;Rémy;Pasquier;rue du Viaduc 24;1694;Chavannes-sous-Orsonnens;rpasquier@blup.com
104;Reynaud;Peitrequin;rue des Prés 12;1685;Villariaz;reynaud.peitrequin@troptopmail.ch
105;Roch;Gubéran;rue du Wasen 1;1542;Rueyres-les-Prés;roch.guberan@privatemail.com
106;Romain;Quartier;chemin Geyisried 18;1616;Attalens;romain2816@privatemail.com
107;Romain;Jomini;Faubourg du Jura 18;1782;La Corbaz;romain4836@courriaile.ch
108;Roul;Evéquoz;rue Jean- Sessler 8;1713;St. Antoni;evequoze@troptopmail.ch
109;Sophie;Comman;chemin de Beaulieu 10;1756;Onnens;comman2716@courriaile.ch
110;Suzanne;Menthonnex;chemin des Bluets 24;1623;Semsales;smenthonnex@privatemail.com
111;Sylvianne;Monnard;chemin Johann- Lisser 10;3185;Schmitten;monnard7773@blup.com
112;Sylvianne;Rey;chemin Saint-Paul 9;1679;Villaraboud;sylvianne4746@blup.com
113;Théo;Bernasconi;Champs-du-Soleil 17;1723;Pierrafortscha;theo6732@privatemail.com
114;Théo;Uldry;route de Reuchenette 19;1688;Lieffrens;uldry4908@courriaile.ch
115;Thérèse;Chatriand;rue du Milieu 8;1788;Praz;therese.chatriand@privatemail.com
116;Thibault;Mottiez;Crêt-du-Sable 12;1609;Fiaugères;tmottiez@courriaile.ch
117;Victoire;Privet;rue de Mâche 6;1724;Senèdes;victoire.privet@zemail.com
118;Virginie;Robadey;rue des Alpes 16;1532;Fötigny;virginie8324@privatemail.com
119;Vivienne;Charpié;rue de la Gare 19;1609;Fiaugères;vcharpie@courriaile.ch
120;Zénaïde;Beuret;chemin des Dahlias 22;3186;Düdingen;beuretb@privatemail.com
121;Zénaïde;Isella;Longue-Rue 5;1663;Pringy;zenaide.isella@blup.com
